a,b_L,b_A,\gamma_I,\gamma_A,\sigma,S_0
-0.935642177456574,0.673552093920552,-0.841096916456036,-0.531328776888824,0.98331674446784,0.637282975796105,0.0830265253540453
8.89677040792112e-89,5.29903588334934e-27,3.89061833604564e-53,1.58040837109307e-15,4.52429028530457e-144,1.6849182460466e-23,0.249756663170281
